"value","probability"
"5a8533bda74391fe221d86ee","medium"
"5a7d6e5b926018fd22a7cf10","low"
"5a49f2a7cbe9d87e5582797f","low"
"598fb64346ab8ae80da4164f","medium"
"598e021886d941692b385c60","high"
"5a647be4ad1d251805d1a4c6","medium"
"59d2fc68625fbbd425f00de5","high"
"5a684b13a74391fe22f76cd6","high"
"5a364b468b984ce678cb18c4","medium"
"5a3e9183ad1d2518056eb614","high"
"5a6cb87d926018fd229051da","high"
"59c676061ef2981a3e55fe09","high"
"59f971e75a6aa5143edf7252","medium"
"5a673a45926018fd228869cf","medium"
"5a72e839f3e66bee4f80a2f6","low"
"5a92c3b4a74391fe222ac7c9","high"
"5a83d0127bf19548173d5803","medium"
"5a5ed4abcbe9d87e55ae70fc","medium"
"59d0fb5fa3c446c82c6871c8","low"
"5a559156ad1d251805a5e67f","low"
"5a63f7c1ad1d251805ce2e75","medium"
"5a3510bac65592f2056ddabc","high"
"5a816cd77bf19548173b34f2","medium"
"58b13e9d2a6c1eba62d24563","medium"
"58b1cfe0d578a5780b46f0e7","medium"
"5a3c97dcad1d2518056836a7","medium"
"5a793b9ca74391fe22122173","high"
"5a16577bc65592f2054ac815","medium"
"5a790624a74391fe2211efc3","low"
"5a3b4aa5cbe9d87e555cc141","low"
"5a7d0ab1926018fd22a76ede","low"
"5a20b3f01fc43c84552293ff","high"
"5a3794a13ed9431847060595","high"
"5a084a601ef2981a3ea0f3b3","low"
"59ddee02625fbbd425033a01","medium"
"59d1faa79d8333da25a0323d","medium"
"5a902531a74391fe2227b04f","high"
"5a3a73a1b343c11705db5deb","low"
"5a6c9c2ead1d251805e1c1af","medium"
"590b48e728d8f8c86be31983","low"
"5a7b2e65a74391fe22143a25","low"
"592da48cba40ef4b604778c6","medium"
"593b766e8f19e70c0c2dbc4b","low"
"59d1c1331ef2981a3e63ac08","medium"
"59cdebe3fc67610b45f32604","low"
"5a3675a51fc43c845538c34c","low"
"5a3e1b2db343c11705e5902e","low"
"59d0ca03625fbbd425e9f4bc","low"
"5a6a0bc1bde587e94f845360","low"
"5a928c54926018fd22bc297e","medium"
"59c7e92c5a6aa5143ea70ab6","medium"
"5a68ba07f3e66bee4f6f5bd5","medium"
"5a71ef031a968b1575290604","high"
"592d0a66ba40ef4b6046254b","low"
"5a7a56251a968b1575337845","low"
"5a754e51b343c1170569d6ee","high"
"5a476448ad1d251805862784","high"
"5a8d77ab1a968b15754593d0","high"
"5a754051facb091a75a9c1e7","medium"
"5a3f3489b343c11705e8c736","high"
"5a91654abde587e94fb2c91a","medium"
"5a94208bef6cb54717c2fbdd","medium"
"5a3604b4c65592f2056f2de9","low"
"5a4efa9fb343c11705106174","low"
"5968b4f046ab8ae80d5e7e8a","high"
"59416955dc81ef1536056650","medium"
"59d45528bb299b692adc6a50","medium"
"5a7138bdbde587e94f916c02","high"
"5a5ec25bad1d251805bc1399","low"
"58b582cc2a6c1eba62db6904","high"
"592084b028d8f8c86bfe5f7c","low"
"59d341a334d477c22c1bb346","high"
"5913d1a1cf91587543ce3ed4","medium"
"58e749322a6c1eba620d3f8b","high"
"5a660a9db343c1170550e1ce","high"
"5a8578f01a968b15753e1741","high"
"59ec359f1ef2981a3e7e24a8","high"
"59cf9dc81ef2981a3e602144","high"
"5a9485c1926018fd22be39ab","medium"
"5a6c4126b343c11705599832","low"
"5a79c8baad1d251805f66002","high"
"59fbf5239d8333da25f215c7","low"
"58e8f28e2a6c1eba6211a129","high"
"5a923e8efacb091a75c64089","high"
"594805ae7caca1aa42071610","high"
"5a4c4742b343c117050acb27","low"
"5a8185b0b343c1170576b98d","low"
"5a66fd45926018fd22881252","high"
"5a90f29b1a968b1575488e25","low"
"5a7acc817bf195481734d1ae","low"
"5a23e22dc65592f2055d327f","low"
"5a7b07c91a968b157534406c","high"
"5a215c29cbe9d87e55416a03","high"
"59cdc7c89d8333da25928eae","medium"
"5a366f601fc43c845538b389","low"
"5a3d0ff3cbe9d87e55621e45","low"
"59475a7173823c8a7eab7968","high"
"5a2a744aa9cecde078be1724","low"
"5a90d7901a968b1575486f0c","low"
"5a2bcdbac65592f2056491ec","high"
"58e7c0f5dc192aa16259df1d","high"
"5901e09e65ce45924362589d","medium"
"5a49dfae1fc43c8455646010","low"
"5a2bc09e3ed9431847f95b89","medium"
"5a6ef1937bf1954817246c37","medium"
"5a644b1db343c11705495f5c","low"
"5a878818f3e66bee4f95abc0","high"
"5a796a56ef6cb54717a9c3ac","high"
"5a870301bde587e94fa94e95","medium"
"5a8844c0926018fd22b23c5a","high"
"58ea62f7b1cc43fe36e8bc56","low"
"5a3bb0a51fc43c845540565f","high"
"59d6a742b6f30a6f2ae13214","high"
"5a59d1261fc43c845584d586","low"
"59b791d6625fbbd425b3bbe9","high"
"5a3deb13cbe9d87e5563e369","medium"
"5a6f3bcfb343c11705604470","high"
"5a69e812926018fd228adc04","low"
"5a490c85ad1d2518058b1f69","low"
"5a576bbcad1d251805a9fb91","high"
"5a68a3d17bf195481719ddc3","high"
"5a7dda48facb091a75b3257c","medium"
"5a96853cad1d25180511c42d","high"
"5a6aebfff3e66bee4f7172f7","low"
"5a38aeb8a9cecde078cdc278","medium"
"58d6f88bb1cc43fe36d21747","medium"
"5a8997dd1a968b157542496f","high"
"59985aeb34d477c22cdd66f0","medium"
"5a38a935a9cecde078cdbccb","medium"
"59c13813fc67610b45e7c1b3","low"
"5a6f41b3ef6cb547179b97bd","low"
"5a35fd563ed943184703c207","high"
"5a70a475bde587e94f90f782","low"
"5a9425581a968b15754c6f77","medium"
"5a6c0374926018fd228e278b","medium"
"599542527e22154d336ca8e6","low"
"5a0442499d8333da2500e1f3","high"
"5a5a1a9eb343c11705297fe7","medium"
"5a79d51efacb091a75af7a8f","medium"
"5a3679ac9d8333da253c2d73","high"
"5a93d80ead1d2518050f0ac6","medium"
"5a7b0a387bf19548173528c2","high"
"5a54a37bb343c117051d0fdf","medium"
"5a74352a7bf19548172d53f6","low"
"5a7e9f00facb091a75b39fce","high"
"5a6e0e21ad1d251805e551ab","low"
"5a90ae5a7bf195481748d50e","medium"
"5a6d70eda74391fe22ffa28f","medium"
"5a6b4a5c7bf19548171d48cc","low"
"5a6471a7ad1d251805d163db","low"
"5a2eaf5ea9cecde078c2c51c","high"
"5a4b7c7fad1d251805908052","medium"
"5a8ed59bfacb091a75c2fc35","low"
"5a05cd7fbb299b692a010546","high"
"5a922214b343c1170585fe59","low"
"59b3bbecb2cb0511455eb11f","high"
"59de6801b2cb05114586759e","high"
"5a92c680a74391fe222acda4","medium"
"5a38fb64a9cecde078ce3575","medium"
"5a019a21b2cb051145a95af6","low"
"5a5178a7b343c1170515c7c8","medium"
"5a62f407ad1d251805ca4bc6","high"
"5a38e467a9cecde078ce1049","high"
"5a01779aa3c446c82ca72ea1","high"
"5a1415051fc43c84551334c3","high"
"5a7885a2f3e66bee4f883f3f","low"
"5a347e67c65592f2056ce043","medium"
"59f2dfc85a6aa5143ed49d32","medium"
"59dc6bef625fbbd42501405e","high"
"5a85cda5bde587e94fa8524e","high"
"5a72da707bf19548172b324d","medium"
"59915eef7e22154d33695557","medium"
"5a67723abde587e94f8210f5","high"
"5a712730bde587e94f91479e","high"
"5a929b1a1a968b15754abd0d","medium"
"5a869fc3ef6cb54717b5e1a0","low"
"59c233429d8333da257c9808","high"
"59e6c7569d8333da25c2acd7","medium"
"5937c37245d4cf4334ad13c8","low"
"5a82ce48ad1d251805fef257","high"
"59c3b158bb299b692acec669","low"
"59ceb0f1b2cb05114576b527","low"
"5a0d4b4f9d8333da250eb0bb","medium"
"5a93df81bde587e94fb57c35","medium"
"5a54e60b1fc43c84557b2073","low"
"5a7197067bf1954817291127","high"
"5a81508ef3e66bee4f904ec5","low"
"5a96afffef6cb54717c57a2b","high"
"5a360eb58b984ce678ca7dcb","high"
"59ef64b5b6f30a6f2af0c2e8","medium"
"59be49b434d477c22cfd0b31","low"
"59dc6663625fbbd4250138b0","medium"
"5a33a5ade3e3d5fc05f4a1ef","high"
"593d55029af8dd120c4fa92e","high"
"5a3df1e1cbe9d87e5563f821","low"
"5a930517bde587e94fb4e486","medium"
"5a72e1e1ef6cb54717a177f7","high"
"5a3389bff2d1a90e472c5e12","low"
"5a8bcfbf7bf1954817449c36","medium"
"5a177736625fbbd4256956e7","low"
"59d56def9d8333da25a80c13","high"
"59d35170bb299b692adba274","low"
"59c23c149d8333da257cba98","medium"
"5a7aba75926018fd22a55603","high"
"5a66d5eeef6cb547178e478b","medium"
"5a934ca6a74391fe222b2ed5","low"
"59fcbfbe9d8333da25f470bd","medium"
"5a6c1bdafacb091a759911ed","low"
"5a701736a74391fe2204bc79","high"
"5a7e6deef3e66bee4f8d4de2","high"
"5a9274b7b343c117058696b4","low"
"5a7586d1a74391fe220db096","medium"
"59d18c031ef2981a3e634990","low"
"5a7fada9f3e66bee4f8e8d21","medium"
"5a6f0b8c7bf195481724aca4","medium"
"5a8bf277f3e66bee4f99f8d3","medium"
"5a9689c67bf19548174f124d","high"
"5a34ee011fc43c8455364146","medium"
"5a799f44926018fd22a466ee","medium"
"5a31792d625fbbd42584130f","medium"
"59905f9a46ab8ae80da61ec9","high"
"5a858545bde587e94fa7eedb","high"
"5a48acb8cbe9d87e557f747d","medium"
"59e70c639d8333da25c35be6","medium"
"59f8796c5a6aa5143ede329c","low"
"5a6c7056ad1d251805e11fb2","high"
"5a58b29dad1d251805ace774","high"
"5a242fad8b984ce678b8c6ed","high"
"5a37ab7a1fc43c84553a043b","medium"
"5a59c16b1fc43c845584a053","high"
"5a36bab09d8333da253c8e05","medium"
"58e8ca4834182301378f7ee9","high"
"5a92838dad1d2518050dad74","high"
"5a1a6aff3ed9431847e5cfb4","low"
"5a3c98b01fc43c8455427d7e","low"
"59749fc346ab8ae80d7577a4","high"
"59f700e8bb299b692af4d96c","medium"
"5902c2451a2c024d2208f404","medium"
"5a8007e4ef6cb54717b0140d","high"
"5a715f16ad1d251805ea9308","high"
"5a73d4f8f3e66bee4f8218ce","low"
"59b880d99d8333da2567756f","medium"
"5a7acbb5b343c11705701f85","low"
"5a9162c6f3e66bee4f9ee970","low"
"59a29402b6f30a6f2abfca43","high"
"5a45f854b343c11705fb64dd","high"
"5a375661c65592f205711494","medium"
"5a6cb62ff3e66bee4f758baf","medium"
"5a1e6aebc65592f20555f5a9","low"
"59c3da16a3c446c82c56ac74","low"
"5a3e53aacbe9d87e55655f46","medium"
"5a96870a1a968b15754eadab","high"
"5a96aa00a74391fe222ea64e","medium"
"59f19319625fbbd4252487ef","low"
"591c451728d8f8c86bf93341","high"
"5a925c3fbde587e94fb3c8e3","low"
"58dd192a2a6c1eba62042144","high"
"5a3b2dd2b343c11705dcf950","high"
"5a71af201a968b157528268b","high"
"5a773d2dfacb091a75acf373","low"
"59372ebe06ad276f03e0a1cc","medium"
"5a878b55ad1d25180502ed73","high"
"5a445d34b343c11705f75bff","low"
"5a7badd0a74391fe22146302","low"
"5a3e175a1fc43c84554697b5","low"
"5a6a9bedef6cb5471791a10d","high"
"5a941d837bf19548174ccb3d","high"
"5a8cf5ee926018fd22b687a6","low"
"5a7ef4a27bf195481738c1e3","low"
"5a4c7d9cad1d251805926727","high"
"5a55a9ec1fc43c84557c037f","medium"
"5a969f651a968b15754ecf4d","high"
"5a3e5a14cbe9d87e55657d00","low"
"5a6ff70e1a968b157524d872","low"
"5a367b17a9cecde078cb61cd","low"
"5a91292b1a968b157548db5a","low"
"59ef56ca9d8333da25d3a83a","medium"
"5a9587e2f3e66bee4fa37900","medium"
"5a5daf5a1fc43c84558e327b","high"
"5a41f147ad1d2518057875ee","low"
"5a0da9875a6aa5143ef5475f","low"
"5a0c337cb2cb051145b21610","high"
"5a8306d8b343c11705785104","high"
"5a6efc8eef6cb547179abfb3","medium"
"5979ccdc1e7c98f00d2820a0","low"
"5a4be4191fc43c8455690571","low"
"5a71b30bad1d251805eb60a0","low"
"5a844b19bde587e94fa705d8","low"
"5a9027a3f3e66bee4f9db12a","high"
"59da2741a3c446c82c74ebc4","medium"
"5a5c3b62ad1d251805b60029","medium"
"5a0ab562625fbbd425587dad","low"
"5a4a5089ad1d2518058e3644","high"
"5a8c159e1a968b15754457b8","low"
"5a75b464facb091a75aa81f8","low"
"59ce0221fc67610b45f3527a","high"
"5a94ed777bf19548174d61c6","high"
"5a946e50ad1d2518050fcbe9","medium"
"5a3d35b0b343c11705e3bdc3","medium"
"5a6295e2ad1d251805c8a4f9","medium"
"59d5f2a19d8333da25a93647","high"
"5a94fa86f3e66bee4fa2a40c","low"
"5a38acabc65592f20572a73a","medium"
"5a8bd0b6b343c1170580280a","high"
"5a3a708ead1d2518056263bc","low"
"58eed4bd8ff0b96437404e0d","low"
"59bc90c4fc67610b45e17b63","low"
"5a1fb5aa9d8333da25263fdb","high"
"59d501b934d477c22c1e637a","high"
"5a90d252bde587e94fb1fdc3","medium"
"5a3b799e1fc43c84553f7ca3","medium"
"598be791fd4bbe6577c61683","medium"
"5a702ee2f3e66bee4f7bcc53","medium"
"5a730dd37bf19548172bad30","medium"
"5a783a46ef6cb54717a8a7a0","medium"
"5a547e4f1fc43c845579e66e","low"
"5a38c9b5a9cecde078cde48f","high"
"5a5e25601fc43c84558fd2cd","high"
"5a94cb51a74391fe222c997e","medium"
"5a34bd25c65592f2056d3b63","high"
"5a772740b343c117056ccaf0","medium"
"5a0b146734d477c22c6165a2","low"
"5a90747c7bf195481748ce93","high"
"5a9573babde587e94fb72a32","low"
"58ef2ebcd0541a6140974c9d","medium"
"5a95153cad1d251805103dde","medium"
"59ef27d8fc67610b45120e3c","medium"
"5a8433fdfacb091a75b9437e","low"
"5a6ef7847bf1954817247b03","medium"
"5a6dd14ca74391fe2201063e","low"
"5a38c8fe1fc43c84553b29f4","low"
"5a62bf96b343c1170542580d","low"
"5a3cc3831fc43c8455430850","medium"
"5a30f6aca9cecde078c48cb6","low"
"5a8c03effacb091a75c07485","low"
"5a3a91f11fc43c84553dc572","low"
"5a5f4224b343c11705365206","low"
"5a2b59a2e3e3d5fc05ecabde","low"
"5a37efde3ed943184706be4e","high"
"5a7af291facb091a75b04b65","low"
"58f0e2b19c1c89464cd83d7b","high"
"5a29505be3e3d5fc05eaf20a","medium"
"5a7f1a7d1a968b157538372b","medium"
"5a3f2434cbe9d87e556746da","medium"
"5932c36b3d82e90d55724832","medium"
"5a8eaa17926018fd22b80a62","high"
"5a955413b343c1170589a260","low"
"5a931565a74391fe222b2948","high"
"5a435c5fcbe9d87e5572f9ee","low"
"5a77724dbde587e94f9ae981","medium"
"5a85002d7bf19548173e5902","medium"
"5a6b62a7ef6cb5471793c7bd","medium"
"5a1c0831c65592f205531322","low"
"5a4711841fc43c84555d579b","low"
"5a38fd883ed943184707adbf","medium"
"595dbb9d010725881e8a12b0","low"
"58ee6987dc192aa16269a031","medium"
"5a878b8ead1d25180502eda5","low"
"5934ef1d430302e9448e8ab5","low"
"5994fa82db94d26a285c99ed","low"
"5a94d72bf3e66bee4fa282d7","high"
"5a35ba47cbe9d87e55551636","medium"
"5a8169351a968b15753a6770","low"
"5920819a5b80e16f43807b63","medium"
"5a6039b6b343c11705391ecb","medium"
"59ce18969d8333da2593dc44","high"
"5a09021abb299b692a034b1a","medium"
"5a38f46b3ed9431847079ef0","high"
"5a4b56811fc43c845567999f","high"
"5a10deaaa3c446c82cb7b957","high"
"5a7fdbf4b343c1170574f52b","high"
"5a90c0a7a74391fe22281864","low"
"5a34cbbae3e3d5fc05f60822","medium"
"5a7fc89cad1d251805fbcd9b","low"
"5a87fc56bde587e94faa07cb","low"
"59d381989d8333da25a44098","medium"
"5a8e79ea926018fd22b7d044","low"
"5a82b2b1926018fd22ad273a","high"
"5a7a6e7c1a968b1575339055","medium"
"5a3a6b70ad1d25180562446a","high"
"5a37d75fc65592f20571f5d1","medium"
"5a86d5ba926018fd22b0c7a9","low"
"59cbcbcf1ef2981a3e5afbb4","medium"
"5a924c6dfacb091a75c6592b","high"
"5a8051c6ef6cb54717b08ed4","high"
"5a5e09f8b343c1170533d315","high"
"5a3a6842ad1d251805623135","low"
"5a708c45a74391fe220604fd","high"
"59bcd6f5625fbbd425bb211d","medium"
"5a4c569bcbe9d87e55874ce8","medium"
"5a5dcb251fc43c84558e8a27","high"
"59b178061ef2981a3e408527","medium"
"5955fc16336bbd9532b6922f","low"
"5a82aac6926018fd22ad1c0a","low"
"5811f5908b40bbb504463cf7","medium"
"596e34c2ea2e875f77df5103","low"
"5a3c0a1d1fc43c845541a926","high"
"5a661968ad1d251805d825eb","medium"
"5a256d0f3ed9431847f3d10e","high"
"59d10903b6f30a6f2adc4dca","medium"
"59d5b82eb2cb0511457fab4c","medium"
"5a863d00926018fd22b02d26","medium"
"5a7fe301ef6cb54717afd3b1","low"
"5a3a7237ad1d251805626e9b","low"
"5a951155926018fd22bea6b5","high"
"5a571533cbe9d87e559c8a37","low"
"5a3f1c0cb343c11705e8557e","high"
"5a93259df3e66bee4fa11429","high"
"5a5d4beb1fc43c84558d4854","high"
"5a5976a1ad1d251805ae5d3e","low"
"5a904f96926018fd22b9be24","high"
"59df0930625fbbd4250481fe","medium"
"5a9189da1a968b1575497eef","low"
"58afcf9434182301374e41f2","low"
"5a946831b343c1170588d7c6","medium"
"5a968d7f7bf19548174f17ac","medium"
"5a4c95e5b343c117050b8d42","high"
"5a8ce04f1a968b157544f14d","high"
"5a7a9517facb091a75afe0af","low"
"59f8a73d34d477c22c4a3f22","high"
"59dae49c9d8333da25b1de3d","high"
"5a804409926018fd22aaf823","high"
"5a0e90ad9d8333da25107be8","medium"
"5a349820f2d1a90e472d9d88","high"
"59d25228625fbbd425ef06e8","low"
"5a37c9cb8b984ce678cd1234","high"
"59ce99895a6aa5143eadb88f","high"
"5a93aecfbde587e94fb53c75","medium"
"5a5815501fc43c8455809e50","low"
"5a8e3c0bef6cb54717bcd000","high"
"59fe8840fc67610b45243aa3","medium"
"5a8cdf26ef6cb54717bbacaf","high"
"5a9170b4bde587e94fb2dd06","low"
"5a95298f7bf19548174da917","medium"
"5a93dca5ad1d2518050f117f","high"
"5a70a0031a968b1575269768","high"
"5a3b8f93b343c11705de4119","medium"
"59d7a5b25a6aa5143ebacd40","medium"
"5a961e92bde587e94fb79bb8","medium"
"59946b6dea2e875f7705ae43","medium"
"5a92355b1a968b157549fa2d","high"
"5a588d03b343c11705254f97","low"
"5a71fd51a74391fe2208d89a","high"
"585f5152d7463f5e09aeede4","low"
"5a3a4e5dcbe9d87e555a32a5","medium"
"5a89a24def6cb54717b92604","low"
"5a05baa434d477c22c5b2bdc","low"
"5a34afcff2d1a90e472dbeed","high"
"58ef5b732a6c1eba62209b46","medium"
"59e81cc3a3c446c82c81ee02","low"
"5a92adcab343c1170586ff6e","low"
"5a708b37b343c117056288df","low"
"5a36ae639d8333da253c878a","low"
"5a1adfa4f2d1a90e4712f43a","low"
"5a684c79b343c117055411eb","medium"
"59f99a3c9d8333da25ec6c0e","high"
"5a3bd131b343c11705df9028","low"
"59d66af99d8333da25aabe1f","medium"
"59bbfa39b2cb0511456386bc","low"
"59d33933fc67610b45fadda5","low"
"5a1eda0bc65592f20556d828","low"
"59d06847fc67610b45f6bbb7","low"
"5a87fcdefacb091a75bc7c61","high"
"59c866239d8333da2589e5e4","low"
"5a91a802f3e66bee4f9f5b79","low"
"5a49090acbe9d87e5580d081","low"
"59e826e6bb299b692ae844a1","low"
"5a814d61f3e66bee4f904ae6","high"
"5a38de7c3ed9431847077c1c","high"
"5a9187e5bde587e94fb30a46","low"
"5a916f80bde587e94fb2dad1","high"
"58876149341823013738fce1","medium"
"599196ceea2e875f7702c2b4","high"
"5a8504c3ef6cb54717b48d44","high"
"5977192c7e22154d3353094e","medium"
"5a364f69e3e3d5fc05f89997","high"
"5a423870b343c11705f25a6f","high"
"5a910ad9b343c1170584d0ca","low"
"5a92a0e0b343c1170586ea8d","medium"
"5893a64f34182301373d5e2c","high"
"5a8fa56bad1d2518050a6d59","low"
"5a364aa2f2d1a90e4730620e","low"
"5a51e90dad1d2518059e6cf5","high"
"59d380f29d8333da25a43e4d","high"
"59cf8dd8fc67610b45f5bf7f","low"
"5a376ef88b984ce678cc6e7d","medium"
"5a92a900f3e66bee4fa0815a","high"
"5a6e8916a74391fe220208e0","medium"
"5a93fbc87bf19548174c92f8","low"
"58f4fecd039080b96eea268e","high"
"5a3cdc2ccbe9d87e55614a90","medium"
"5a9480f6f3e66bee4fa25562","low"
"5a780dc6f3e66bee4f877663","low"
"5a37eaebe3e3d5fc05fad530","high"
"5a41f7eacbe9d87e556f9b69","low"
"5909d785b9c1e7421aedb114","high"
"5a7ead43b343c1170573b4b5","medium"
"59bbe936625fbbd425b94a4a","low"
"5a3e6a3b1fc43c845547e916","low"
"598d080d1e7c98f00d475f4b","low"
"59edaa57a3c446c82c895b9c","high"
"5a3aa29a1fc43c84553df4a3","low"
"5a7514abf3e66bee4f83aa96","low"
"59ea47f334d477c22c34a743","high"
"59cde6e49d8333da2593045c","medium"
"59d1f9d49d8333da25a02dbb","high"
"5a40ab1a1fc43c84554e4c40","medium"
"5a3a9242ad1d251805632cdd","medium"
"59d1e51ebb299b692ada346d","medium"
"5a923875926018fd22bb87ba","medium"
"5a76b40bb343c117056bd000","high"
"5a17edc18b984ce678a75d43","medium"
"5a78563c926018fd22a32b0f","medium"
"5a6d7b91926018fd22919dcf","low"
"5a8fe188bde587e94fb12696","high"
"5a407073b343c11705ecc650","low"
"5a046353625fbbd4254e9369","high"
"5a8fc27fa74391fe22272bf7","medium"
"5a92cdbabde587e94fb49c0d","medium"
"59d9dfe79d8333da25b05318","medium"
"5a9221f8926018fd22bb6260","high"
"5a71d39cef6cb547179ffaea","medium"
"5a362ac8f2d1a90e473014b9","medium"
"5a3692cb9d8333da253c64d2","medium"
"5a3bcc8acbe9d87e555ece7c","high"
"5a4b1750ad1d2518058f5ad1","high"
"5a733141ad1d251805ee3ba1","low"
"5a617f94ad1d251805c4d26a","high"
"59e72f605a6aa5143ec7e11f","high"
"5a3a921ead1d251805632c45","high"
"5a5b26f0cbe9d87e55a63a35","high"
"5a773cc6ef6cb54717a7ef7b","low"
"59a7db6d34d477c22cea0e58","high"
"5a84e87cf3e66bee4f938099","medium"
"59df60741ef2981a3e7185a8","medium"
"5a606f95b343c117053a0b5e","low"
"5a5e1100b343c1170533f3ee","medium"
"5a49bfab1fc43c845563fe44","high"
"58fcdc7a65ce4592434eea37","medium"
"5a3897cb625fbbd4258b897a","high"
"5a117b145a6aa5143ef944e3","high"
"5a6455f6ad1d251805d0ab89","high"
"59e4b516b6f30a6f2ae907d2","low"
"5a85716d926018fd22af9399","low"
"5a9116afbde587e94fb24fb8","medium"
"5a83f4a6f3e66bee4f92bc54","medium"
"5a3718c53ed943184705697f","medium"
"5a3a7859cbe9d87e555b1449","low"
"5a7006e7ad1d251805e822b6","low"
"5a5782abb343c1170523407b","medium"
"59d1d7c5a3c446c82c69b9ca","high"
"5a35e283cbe9d87e55555369","high"
"5a768e1cad1d251805f27d9a","low"
"5a368c9f9d8333da253c58b9","high"
"5a796811ad1d251805f5c953","low"
"5a791d46926018fd22a3d61e","low"
"5a21eb8b3ed9431847ef792d","high"
"59eafc815a6aa5143ecc34f9","low"
"5a1f5f3c1fc43c845520fae1","low"
"5a72032ead1d251805ec6146","medium"
"59d1d2289d8333da259f735f","medium"
"5a75dba8b343c117056ae338","low"
"5a70543ef3e66bee4f7c288f","medium"
"5a434a8db343c11705f4d5f1","medium"
"5a37793cc65592f20571403b","medium"
"5a06c8485a6aa5143eee9319","high"
"5a8adc31facb091a75bf8c8a","medium"
"5a475a0b1fc43c84555e3ac7","low"
"5979a75a86d941692b2a6bac","medium"
"5a3bf31dcbe9d87e555f6fa0","medium"
"5a7050aba74391fe22054667","low"
"59c96978fc67610b45efb6b5","medium"
"59cfaefa625fbbd425e6803f","medium"
"5a672081ef6cb547178ea228","high"
"5a8412fcbde587e94fa6b981","low"
"5a361d32e3e3d5fc05f81c6f","medium"
"5a62aae6ad1d251805c8fc20","low"
"5a3aa867b343c11705dc52c8","low"
"5a88f446a74391fe2220f458","high"
"5a3ad29c1fc43c84553e1639","low"
"5a07aaa1fc67610b452bd92d","high"
"5a49e9481fc43c8455647f9e","low"
"5a2e7916e3e3d5fc05f01d31","high"
"59c7bc2e1ef2981a3e57662d","high"
"5a49d432ad1d2518058c7091","low"
"5a377660f2d1a90e4731b84d","medium"
"5a88ebedbde587e94faadcc7","high"
"5a5cc675ad1d251805b80a3f","high"
"5984fb8a7bbb8a4733c30c43","high"
"5a9668c7facb091a75cab2b7","medium"
"5a8c0c3d1a968b1575444c23","low"
"5a0405caa3c446c82ca9b815","low"
"5a1411fa3ed9431847ddfa88","high"
"5a9691c67bf19548174f1dd0","low"
"5a893398b343c117057dc5c1","medium"
"5a9398e4bde587e94fb5276e","high"
"5a926104a74391fe222a0bec","medium"
"59abf332625fbbd425a66340","high"
"5a66f71aa74391fe22f633f6","low"
"59c5169fb2cb0511456e66c5","medium"
"5a687e3df3e66bee4f6ef686","high"
"5a72689a7bf19548172a7286","high"
"59ea9090fc67610b450d9b23","high"
"59fe9ca1625fbbd4254538a2","high"
"5a37e88dcbe9d87e5558611b","high"
"5a6f461f7bf1954817256fa8","medium"
"5a3a3cbcb343c11705da3e76","low"
"5a748d02facb091a75a93b70","low"
"593a511d836cbd907e42a19d","high"
"5a759af7a74391fe220dd31a","low"
"5a8fd961926018fd22b90c26","low"
"59190e8628d8f8c86bf51008","medium"
"5a9402491a968b15754c2e73","low"
"5a713f6fa74391fe2206d71b","low"
"5a75da18a74391fe220e5ddf","high"
"5a2755fa8b984ce678bb5c41","medium"
"5a2a4c84625fbbd4257dab8c","medium"
"5a793b767bf1954817335a50","high"
"5a3c7c8d1fc43c84554231c5","medium"
"5a3cd90c1fc43c8455435ee5","high"
"583163f18b40bbb504696845","low"
"5a385918625fbbd4258b51a0","low"
"5a6b179c1a968b15751b28c2","high"
"5a92395efacb091a75c637e9","low"
"58ec628bd578a5780b55fe57","low"
"59d621f3b2cb05114580454c","medium"
"5a917be61a968b1575496200","medium"
"582055aa8b40bbb50458cfc5","high"
"5a39053a9d8333da253eb799","medium"
"5a730b46f3e66bee4f80f6b2","low"
"5a3f7cedcbe9d87e5568dbd1","medium"
"5a35f44ae3e3d5fc05f7bc1a","high"
"5a942c84bde587e94fb5f6ef","high"
"5a788692b343c117056e427b","high"
"5a366559625fbbd425895539","high"
"5a683e621a968b157517c13d","low"
"5a1e5deb8b984ce678b0d02d","high"
"5986d2ab1e7c98f00d3e2928","low"
"5a3bcbb0b343c11705df6eb1","high"
"5a631d87b343c11705442862","medium"
"59585f6f6595ff567a1bd701","medium"
"5a461387cbe9d87e55792846","medium"
"5a7bf21efacb091a75b11b04","medium"
"5a8fc223bde587e94fb10111","low"
"5a891e73ad1d251805049a2f","medium"
"5a63ed29ad1d251805cdf34e","low"
"5a716619bde587e94f91c123","high"
"59f20be8a3c446c82c8eb7a0","medium"
"5a05634b5a6aa5143eed2476","high"
"58e7643334182301378bf963","low"
"5a788d75ad1d251805f546ab","high"
"5921a507cf91587543de6d70","low"
"5a93965aa74391fe222b6576","low"
"5a6bf764bde587e94f872c13","low"
"5a94e3881a968b15754cedfc","low"
"5a805311ef6cb54717b0916b","high"
"5a24c6229d8333da252bef78","high"
"5a8d5e12a74391fe22252ef5","low"
"5a49dbe8ad1d2518058c89c9","medium"
"5a3cfb21cbe9d87e5561bcf6","low"
"5a95a4adbde587e94fb76e41","high"
"59eb074ea3c446c82c85f0c6","medium"
"587d8400d7f235131fbe7399","high"
"5a0d937c9d8333da250f4a1b","high"
"594b73e773823c8a7eaf9459","medium"
"5a87083ab343c117057bc3ed","low"
"5985e2451e7c98f00d3caa25","low"
"58ef7d58b1cc43fe36f3a5fe","low"
"5a3a990b1fc43c84553dde75","high"
"5a35e4f79d8333da253af64d","high"
"59e974af625fbbd425152c1e","medium"
"59eb524d625fbbd4251965e4","medium"
"5a3a8d30cbe9d87e555b8986","medium"
"5a8516a6ef6cb54717b499cc","high"
"5a38751e625fbbd4258b6693","low"
"5a3b9f061fc43c845540087b","high"
"5a4a359ccbe9d87e55835428","medium"
"5a93e839f3e66bee4fa1af68","medium"
"5a3d469bcbe9d87e5562fa12","medium"
"5a87bda4facb091a75bc2b76","high"
"5a7dbbfaad1d251805f9eaf1","high"
"5a9623ebbde587e94fb7a102","high"
"5a0c6f9f1ef2981a3ea4c187","medium"
"5a75568aad1d251805f0dce0","low"
"5a5e0b9dcbe9d87e55ad3f77","medium"
"5a3f78ebcbe9d87e5568c996","medium"
"5a3ac30eb343c11705dc6825","medium"
"5a5afdbdad1d251805b2a41b","high"
"5a6d264da74391fe22feafe3","low"
"5a9247fcbde587e94fb3a4b2","low"
"58ee0dec2a6c1eba621d8d0a","medium"
"5950734073823c8a7eb5d7c0","low"
"5a360074f2d1a90e472fb175","medium"
"5a7454aca74391fe220c2b99","medium"
"5a3f552cad1d251805707d02","low"
"5a78723eb343c117056e1649","medium"
"5a91490b7bf1954817499031","medium"
"5a641c9aad1d251805cf26cb","high"
"5a90f0cf7bf195481749109a","medium"
"5a93b07cbde587e94fb53e82","high"
"5a92136ead1d2518050ce3c9","low"
"5a5830accbe9d87e559ec0f4","low"
"58e7a941735903ff28700fdf","high"
"5a3c77a01fc43c8455422455","high"
"5a427955cbe9d87e55717fc7","medium"
"5a7a66bb926018fd22a50b66","high"
"5a6c8e91a74391fe22fdf551","medium"
"5a7f1f43a74391fe2217f489","high"
"5a2e797d625fbbd4258195a6","high"
"5951675b12f4ca8e1e71edf6","high"
"5a3bd0831fc43c8455410525","high"
"5a425a0bb343c11705f2ece7","low"
"5a9175e9facb091a75c58dde","high"
"5a720ed2ad1d251805ec6c61","high"
"5a3bccaacbe9d87e555ecf4d","low"
"5a885a3efacb091a75bd106c","high"
"5a365a09cbe9d87e55565c6c","medium"
"5a54cefab343c117051d9e77","high"
"58e7d00d34182301378d4efc","low"
"58613586c2b6403008574309","high"
"5a919d1dfacb091a75c5d544","medium"
"5a3398469d8333da25383f15","low"
"5a854d59f3e66bee4f93d44d","low"
"5a3a891fad1d25180562fe2a","medium"
"5a92df28f3e66bee4fa0e7f4","medium"
"5a1fe0f71fc43c845521ac61","medium"
"5a713d96bde587e94f9174e8","medium"
"5a95890dad1d25180510fa9a","low"
"59d20224a3c446c82c6a3994","low"
"5a924f89b343c11705864b9c","medium"
"5a38bb1ac65592f20572b7c2","high"
"5a3c93facbe9d87e556050f3","medium"
"59db1c81625fbbd425ff87e3","high"
"5a8ecf4e1a968b157546b9ac","low"
"5a72def1ad1d251805ed4f4f","medium"
"58f83dee4fd4371b051b8754","high"
"59f8d696b2cb051145a013bc","low"
"59ca5aee5a6aa5143ea90652","medium"
"5a1161e7bb299b692a090a33","low"
"58a45b99bd2ebbe33bc6c530","medium"
"59f8b91c625fbbd425383071","low"
"59e9c072fc67610b450cf1f3","high"
"59ae9b40625fbbd425a9926a","medium"
"5a66cfbc926018fd2287dc50","high"
"5a63200aad1d251805cb3e87","high"
"5a49f7361fc43c845564af4f","low"
"5a1bbb97f2d1a90e4713b62e","low"
"5a4fb0d31fc43c8455707974","high"
"58a8a4b2b5ffde72097b0e6f","medium"
"5a79ce9ca74391fe2212f19a","low"
"593e66d28f19e70c0c33ded8","low"
"5a4cee001fc43c84556b0ec8","medium"
"5a73cce37bf19548172cbb03","low"
"5a338e568b984ce678c6f360","medium"
"5a83b39cf3e66bee4f92782a","high"
"59ec32bd34d477c22c36e528","low"
"5a92e574ad1d2518050e63a0","medium"
"5a011dd6625fbbd42549a5ec","high"
"5a8132447bf19548173af393","low"
"5a9664c8926018fd22c00321","medium"
"59f40fb79d8333da25dc441c","high"
"5a7eb258a74391fe221743a7","low"
"5a92961ea74391fe222a77c1","high"
"5a94cafef3e66bee4fa27722","high"
"59ca90c51ef2981a3e59f10d","low"
"5a3e1833b343c11705e584a2","low"
"5a63826fb343c11705467612","low"
"592a39213d8ab38b0245bfec","medium"
"5a3a3df6b343c11705da43fc","high"
"5a100955625fbbd4256049d6","high"
"5a924d46926018fd22bbac87","low"
"5a92af16bde587e94fb46233","high"
"5a912176bde587e94fb260f7","low"
"5a3a984eb343c11705dc2b2c","high"
"5978263b46ab8ae80d7cb4cc","high"
"59d0c7051ef2981a3e62356e","low"
"5a3e1e12ad1d2518056cb519","medium"
"5a94f7e5f3e66bee4fa2a178","high"
"5a921bd5ef6cb54717c07644","medium"
"5912a6765b80e16f43706c07","medium"
"5a8bce42ef6cb54717bac4b9","low"
"59653078010725881e96c9a0","low"
"5a589541cbe9d87e559fdc1b","medium"
"5a8f1246f3e66bee4f9cd167","low"
"5a4cefa0b343c117050cb0bb","low"
"599638b846ab8ae80dafe48d","low"
"5a7bd667bde587e94f9ed1df","low"
"59ce8fa2bb299b692ad6696b","medium"
"59e7003a9d8333da25c33a3b","medium"
"59f9a0d034d477c22c4b889a","high"
"5a91004bb343c1170584c35d","high"
"5a7c519aa74391fe22151833","medium"
"5a96a3a31a968b15754ed535","high"
"5a1edeb1a9cecde078b1a17e","high"
"5a9648a8a74391fe222e1a98","low"
"5a962c72f3e66bee4fa3d0a3","low"
"5a63445bad1d251805cc069b","low"
"5a5ab33db343c117052a6970","low"
"59d9eb86b6f30a6f2ae349f4","high"
"594dc0d28f19e70c0c48ff8a","medium"
"59bbdc9dfc67610b45e0ede3","low"
"5a3526e83ed943184702ba64","high"
"5a5cc1c81fc43c84558ca4cf","low"
"5a4ce6d51fc43c84556af292","medium"
"5a870955bde587e94fa95833","medium"
"59e3433b625fbbd4250b0cf9","low"
"5a79dfd6926018fd22a4db34","medium"
"5a63fa9db343c11705473ae1","high"
"5a371425625fbbd42589f5d3","low"
"5a893c21bde587e94fab6156","medium"
"595db7fb12f4ca8e1e887a26","low"
"5a93e1dbbde587e94fb57f5e","high"
"5a3902231fc43c84553b82d7","low"
"59fd3e64a3c446c82ca1c1a5","low"
"5a91207db343c1170584f1c1","high"
"5a903a83ad1d2518050b35a0","high"
"5a1a662ec65592f205507082","medium"
"5a499dbfcbe9d87e5581755e","medium"
"5a8bd45f926018fd22b58ca4","medium"
"5a9603e8facb091a75ca4256","high"
"5a8ad96aef6cb54717ba1ac4","medium"
"59dcdde134d477c22c26c310","medium"
"5a1932a7c65592f2054e6738","low"
"5a3b55de1fc43c84553f038d","high"
"5a7b44007bf1954817357e0e","high"
"58f0a32c3418230137a27407","low"
"5a9255b1ad1d2518050d4f8a","high"
"59d32260fc67610b45fabf04","low"
"59ca4c7cb2cb05114572a97c","high"
"5a3fd3ccb343c11705ebe147","low"
"5a8a589def6cb54717b983ec","medium"
"5a44589f1fc43c8455572481","low"
"5a3bcd82ad1d2518056691cf","medium"
"5a647b29ad1d251805d19f75","high"
"5a7b9e1ba74391fe2214589d","low"
"5a64f7aeb343c117054cdc17","high"
"5a701b10a74391fe2204c37e","medium"
"580c7e2f8b40bbb5043fe393","high"
"58ca3d11735903ff283096d9","high"
"5a90ea33a74391fe2228461f","medium"
"59f3772e625fbbd42528cb19","medium"
"5a772aada74391fe221053d1","medium"
"5a8541e9ad1d25180500fd56","low"
"59b0b6e9625fbbd425aba7c2","high"
"59f580c7a3c446c82c9472a3","low"
"5a12bc5a625fbbd425650f2a","medium"
"5a92a06cf3e66bee4fa07369","high"
"5a37ed9b625fbbd4258b2be5","low"
"59cde8dda3c446c82c61cab3","medium"
"5a962040b343c117058a540d","low"
"5a3b1726cbe9d87e555c357a","low"
"5917ba4ffcf764c26b9a670b","low"
"5a965750bde587e94fb7d516","low"
"5a4b38d0ad1d2518058fb5c7","high"
"5a354937cbe9d87e5554e313","medium"
"5a33e3dc3ed9431847011dc3","low"
"59789df1fd4bbe6577b48f2f","low"
"59375b7fe47bb569035004ec","low"
"5a66cde77bf195481717fad4","medium"
"5a07c928625fbbd42553cefe","low"
"59ce79c95a6aa5143ead94c9","high"
"5a76b57ffacb091a75abd266","medium"
"5a5dce821fc43c84558e952a","low"
"5a38aa6b1fc43c84553b04c1","high"
"5a925606ef6cb54717c0d756","low"
"5a364f19cbe9d87e5556464f","high"
"597082bcea2e875f77e0f5d6","medium"
"5a947549ef6cb54717c34b6f","low"
"5a8b1e04bde587e94fad51ff","high"
"5a43bc89cbe9d87e55745057","medium"
"5a7e7c5b1a968b1575374647","high"
"59d6dccc34d477c22c208d6b","low"
"59bcd4fe625fbbd425bb1961","low"
"5a7c5e9ea74391fe2215309c","low"
"5a7c9225facb091a75b1f979","high"
"5a3a5820b343c11705dabb98","medium"
"5a6d7d787bf1954817218256","medium"
"5a943597ef6cb54717c324b5","medium"
"59d1c0d3625fbbd425ec7b11","high"
"5a901da5b343c11705840735","high"
"5a07c3f7a3c446c82cadef73","low"
"5a968b30facb091a75cae5f6","medium"
"5951fb5a26f9473c1794e700","high"
"5a4c3bd9b343c117050aafd1","high"
"5a927c26ad1d2518050d9e4c","high"
"594d244a73823c8a7eb185e5","medium"
"5a5fe6b8ad1d251805bf15a0","high"
"5a34eab4cbe9d87e5554152e","low"
"5a473295b343c11705fe5e39","medium"
"5a9110b6926018fd22ba3c0e","low"
"5a8e69e3ad1d2518050958b0","high"
"5a8c6412a74391fe2224898d","medium"
"592e9ffd884b9245601a1d12","high"
"5a3e26c4ad1d2518056cd8e0","high"
"5a627a2eb343c1170541802d","medium"
"5a928ddcf3e66bee4fa0535d","high"
"5a83ab43f3e66bee4f92702f","high"
"5a940ca7f3e66bee4fa1e320","medium"
"5a4ee925b343c11705103757","high"
"5a6b086dbde587e94f859cd7","low"
"5a94cb20bde587e94fb64fda","high"
"592065a8b9c1e7421a098243","medium"
"5a38c6ab9d8333da253e5e47","low"
"5a823551bde587e94fa4ebfd","high"
"5a58cf7a1fc43c845582d7ba","high"
"5a9377b1ad1d2518050ea488","medium"
"5a36430a9d8333da253bbc38","high"
"5a9678917bf19548174ef928","high"
"5a423419b343c11705f24bd5","medium"
"59d257ed625fbbd425ef22b4","low"
"5a5c1954b343c117052e7ea5","medium"
"59f4a041b2cb0511459a13e7","medium"
"5a923bf57bf19548174a815d","high"
"5a71d5687bf195481729cbda","low"
"59da0d409d8333da25b0c9e7","medium"
"5a92f6a5a74391fe222b1dc2","low"
"59cf0a12fc67610b45f49bd4","high"
"5a3779d4a9cecde078cc58a7","medium"
"5a87d24eb343c117057c39e9","high"
"5a9655e47bf19548174ec82f","low"
"5a35bf018b984ce678c9dcfa","high"
"5a93fc6bb343c11705884875","medium"
"59c477b9a3c446c82c573d7d","low"
"5a736ae97bf19548172c8b80","low"
"5a79c6d6ad1d251805f65c23","high"
"5a3fa24cb343c11705eada92","low"
"5a941cc07bf19548174cc9b9","medium"
"5a38cc6dcbe9d87e55590751","low"
"5a95461eb343c11705898f07","low"
"5a93dbcead1d2518050f102b","high"
"5a962787f3e66bee4fa3cc3e","medium"
"59e0e9df9d8333da25b9ff7d","medium"
"5a94ebd41a968b15754cf5cb","high"
"5a3a8ce5b343c11705dbf9d1","low"
"598989e57e22154d33634793","high"
"5a72c211ef6cb54717a13089","medium"
"59531ed512f4ca8e1e75b8e0","low"
"5a3c89931fc43c845542550b","low"
"5a8550dfa74391fe221da635","low"
"5a3f238bb343c11705e87849","low"
"5a0c4e489d8333da250d9375","low"
"5a94422ea74391fe222c61bf","low"
"5a85979db343c117057a6d1d","medium"
"5a73e8d8bde587e94f9601b3","high"
"5a62ae9bad1d251805c910bf","medium"
"5a54bc26ad1d251805a4786a","medium"
"59f040ce9d8333da25d4d0b4","low"
"59f9b252625fbbd4253a25f0","medium"
"5a3a74f2cbe9d87e555b0049","medium"
"5a4818e0ad1d25180587ded9","low"
"5a41cfa3cbe9d87e556f20a5","low"
"59d0a30bfc67610b45f74c47","medium"
"5a5dd9c4b343c11705331f53","medium"
"595b3ddb7c67cb5c7aaad195","high"
"598b2cf246ab8ae80d9dc5ad","medium"
"59c89838b2cb051145715105","high"
"5a969b08a74391fe222e905d","high"
"5a2e9f3acbe9d87e554e75b6","low"
"5a1fdc818b984ce678b2cc5c","high"
"5a6b1dfabde587e94f85d9b5","high"
"5a804769facb091a75b5ad2e","medium"
"5a928e7e1a968b15754aa6eb","low"
"5a6c4fa2bde587e94f8816b2","low"
"58e8813134182301378e65a2","high"
"5a63057ead1d251805caa994","low"
"59cf3021b2cb0511457745ec","high"
"59d259aa9d8333da25a1d4d4","medium"
"5a952a30926018fd22beca91","low"
"5a3761948b984ce678cc5dfa","medium"
"5a71d517facb091a75a4d91f","high"
"58f187d2039080b96eda6441","high"
"5a5f8fe0b343c1170537c282","low"
"59d0c2881ef2981a3e622976","high"
"5a3699f9c65592f2057099ad","medium"
"5a33a7329d8333da253854db","low"
"5a3e6374b343c11705e6c310","medium"
"5a05c9679d8333da25036d9c","medium"
"5900440a65ce4592435b51be","medium"
"5a3c8ee1ad1d251805681c9d","medium"
"5a6968907bf19548171a50bd","low"
"59d868909d8333da25ad9b4c","low"
"5960a79b26f9473c17a0733a","low"
"5a07cbab34d477c22c5d725a","low"
"5a37487a1fc43c8455397c83","medium"
"5a436de8cbe9d87e557331b4","medium"
"5a9658d5b343c117058a8ef0","low"
"59745540db94d26a284a7a02","medium"
"5a379dc8e3e3d5fc05fa2ec6","medium"
"59df8c7da3c446c82c797608","low"
"5a6d4c27facb091a759b9eff","low"
"5a56f8c5cbe9d87e559c4ff3","medium"
"58c2a84ddc192aa162386c3a","low"
"59d1df3efc67610b45f92328","medium"
"59956c1e1e7c98f00d5646d6","medium"
"5a944228a74391fe222c61b9","low"
"5a90bc55facb091a75c488e2","medium"
"5a925434ef6cb54717c0d3d8","high"
"59ce9936625fbbd425e304fe","high"
"58cf251b735903ff283b3b9f","low"
"59cf54cab2cb051145779e56","high"
